
<entities xmlns:xsd="http://www.w3.org/2001/XMLSchema" xmlns:xsi="http://www.w3.org/2001/XMLSchema-instance">
  <entity name="new_referencedata" displayname="ReferenceData">
    <records>
      <record id="487915be-1e9e-e711-80e3-1458d04377a8">
        <field name="new_name" value="Record1" />
      </record>
      <record id="d05717c4-1e9e-e711-80e3-1458d04377a8">
        <field name="new_name" value="Record2" />
      </record>
    </records>
    <m2mrelationships />
  </entity>
</entities>