
<entities xmlns:xsd="http://www.w3.org/2001/XMLSchema" xmlns:xsi="http://www.w3.org/2001/XMLSchema-instance">
  <entity name="new_nacecode" displayname="NACE code">
    <records>
      <record id="6334983f-71a3-e711-80e3-3863bb358fa8">
        <field name="new_name" value="NACE 1" />
        <field name="new_nacecodeid" value="6334983f-71a3-e711-80e3-3863bb358fa8" />
        <field name="statecode" value="0" />
        <field name="statuscode" value="1" />
      </record>
      <record id="7bb9aa45-71a3-e711-80e3-3863bb358fa8">
        <field name="new_name" value="NACE 2" />
        <field name="new_nacecodeid" value="7bb9aa45-71a3-e711-80e3-3863bb358fa8" />
        <field name="statecode" value="0" />
        <field name="statuscode" value="1" />
      </record>
      <record id="8fb9aa45-71a3-e711-80e3-3863bb358fa8">
        <field name="new_name" value="NACE 3" />
        <field name="new_nacecodeid" value="8fb9aa45-71a3-e711-80e3-3863bb358fa8" />
        <field name="statecode" value="0" />
        <field name="statuscode" value="1" />
      </record>
      <record id="4ec9a74b-71a3-e711-80e3-3863bb358fa8">
        <field name="new_name" value="NACE 4" />
        <field name="new_nacecodeid" value="4ec9a74b-71a3-e711-80e3-3863bb358fa8" />
        <field name="statecode" value="0" />
        <field name="statuscode" value="1" />
      </record>
      <record id="5bc9a74b-71a3-e711-80e3-3863bb358fa8">
        <field name="new_name" value="NACE 5" />
        <field name="new_nacecodeid" value="5bc9a74b-71a3-e711-80e3-3863bb358fa8" />
        <field name="statecode" value="0" />
        <field name="statuscode" value="1" />
      </record>
    </records>
    <m2mrelationships />
  </entity>
</entities>