<entities xmlns:xsi="http://www.w3.org/2001/XMLSchema-instance">
  <entity name="new_nacecode" displayname="NACE code" etc="10005" primaryidfield="new_nacecodeid" primarynamefield="new_name" disableplugins="false">
    <fields>
      <field displayname="Name" name="new_name" type="string" customfield="true" />
      <field updateCompare="true" displayname="NACE code" name="new_nacecodeid" type="guid" primaryKey="true" />
      <field displayname="Status" name="statecode" type="state" />
      <field displayname="Status Reason" name="statuscode" type="status" />
    </fields>
  </entity>
</entities>