<ImportExportXml xmlns:xsi="http://www.w3.org/2001/XMLSchema-instance">
  <Entities>
    <Entity>
      <Name LocalizedName="Account" OriginalName="Account">Account</Name>
      <ObjectTypeCode>1</ObjectTypeCode>
      <FormXml>
        <forms type="main">
          <systemform>
            <formid>{b053a39a-041a-4356-acef-ddf00182762b}</formid>
            <IntroducedVersion>1.0</IntroducedVersion>
            <FormPresentation>0</FormPresentation>
            <FormActivationState>1</FormActivationState>
            <form showImage="true">
              <tabs>
                <tab name="tab_recordwall" id="{e94e6ac4-12db-bc8c-ec81-8b20c5987655}" IsUserDefined="0" locklevel="0" showlabel="true" expanded="false" labelid="{762fa9c4-92c0-47d7-980d-ce86d0a1fc0e}" ordinalvalue="0" solutionaction="Modified">
                  <columns>
                    <column width="100%" id="0">
                      <sections>
                        <section name="tab_recordwall_section_1" showlabel="false" showbar="false" locklevel="0" id="{ac0addcc-a626-6c98-40ee-b11edac36204}" IsUserDefined="0" layout="varwidth" columns="1" labelwidth="115" celllabelalignment="Left" celllabelposition="Left" labelid="{23e443b7-e9d1-444b-a851-cf136c390569}" ordinalvalue="0" solutionaction="Modified">
                          <rows>
                            <row>
                              <cell id="{be13b312-b6ac-83d7-34e1-e90dc1ecbec7}" showlabel="false" colspan="1" auto="false" rowspan="15" labelid="{dec4e21b-646b-4280-aa2a-4e43db77b30d}" ordinalvalue="10000" solutionaction="Modified" />
                            </row>
                          </rows>
                        </section>
                      </sections>
                    </column>
                  </columns>
                </tab>
                <tab name="general" verticallayout="true" id="{13b0fbf2-e596-4dc5-919b-7a0aea72598b}" IsUserDefined="0" ordinalvalue="1">
                  <columns>
                    <column width="100%" id="0">
                      <sections>
                        <section name="account information" showlabel="false" showbar="false" id="{407c4e29-b766-4efb-986c-f4c1d9be75ce}" IsUserDefined="0" ordinalvalue="0">
                          <rows>
                            <row>
                              <cell id="{01289424-a3c2-4c71-815b-cb5f2bfaf9ce}" showlabel="false" ordinalvalue="20009" solutionaction="Modified" />
                            </row>
                            <row>
                              <cell id="{4e580ca6-061d-27e4-3b23-4c8a363e5cba}" showlabel="true" locklevel="0" ordinalvalue="10010" solutionaction="Added">
                                <labels>
                                  <label description="" languagecode="1033" />
                                </labels>
                                <control id="emailaddress2" classid="{ADA2203E-B4CD-49be-9DDF-234642B43B52}" datafieldname="emailaddress2" disabled="false" />
                              </cell>
                              <cell id="{5b5cb2a1-0761-c794-d269-44277235ae46}" showlabel="false" ordinalvalue="20011" solutionaction="Added">
                                <labels>
                                  <label description="" languagecode="1033" />
                                </labels>
                              </cell>
                            </row>
                            <row>
                              <cell id="{0019ddac-8c7b-7902-5a08-59db9c134a96}" showlabel="true" locklevel="0" ordinalvalue="10012" solutionaction="Added">
                                <labels>
                                  <label description="" languagecode="1033" />
                                </labels>
                                <control id="emailaddress3" classid="{ADA2203E-B4CD-49be-9DDF-234642B43B52}" datafieldname="emailaddress3" disabled="false" />
                              </cell>
                              <cell id="{1d8ebdc3-0843-e416-c69b-cd0382d4831d}" showlabel="false" ordinalvalue="20013" solutionaction="Added">
                                <labels>
                                  <label description="" languagecode="1033" />
                                </labels>
                              </cell>
                            </row>
                          </rows>
                        </section>
                      </sections>
                    </column>
                  </columns>
                </tab>
                <tab name="details" id="{e8642bdb-3b0b-4ce4-bcca-646d04e856cb}" IsUserDefined="0" ordinalvalue="2">
                  <columns>
                    <column width="100%" id="0">
                      <sections>
                        <section name="professional information" showlabel="true" showbar="true" id="{2bb37cd5-2d02-47cc-8464-27e5aa1c400d}" IsUserDefined="0" ordinalvalue="0">
                          <rows>
                            <row>
                              <cell id="{02f048e0-e417-409e-8e3f-c9a5197f6035}" showlabel="false" ordinalvalue="20006" solutionaction="Modified" />
                            </row>
                          </rows>
                        </section>
                        <section name="description" showlabel="false" showbar="true" id="{22c54202-b263-46e5-9676-47112c3be47d}" IsUserDefined="0" ordinalvalue="1">
                          <rows>
                            <row>
                              <cell id="{29760e45-5a38-4b2a-b8d0-fd99fb62f6d1}" showlabel="false" ordinalvalue="20003" solutionaction="Modified" />
                            </row>
                          </rows>
                        </section>
                        <section name="billing information" showlabel="true" showbar="true" id="{0243b19c-f88a-410c-9d90-0862142c56e2}" IsUserDefined="0" ordinalvalue="2">
                          <rows>
                            <row>
                              <cell id="{811dc54d-f71e-4364-93f4-71e00074d317}" showlabel="false" ordinalvalue="20005" solutionaction="Modified" />
                            </row>
                          </rows>
                        </section>
                      </sections>
                    </column>
                  </columns>
                </tab>
                <tab name="notes and activities" id="{61710424-A7C1-4db5-9489-788BCDCF267A}" IsUserDefined="0" expanded="false" ordinalvalue="4">
                  <columns>
                    <column width="100%" id="0">
                      <sections>
                        <section name="activities" showlabel="true" showbar="true" id="{690cd22e-026f-4e6a-8e93-74e5c27b4973}" IsUserDefined="0" height="auto" ordinalvalue="0">
                          <rows />
                        </section>
                      </sections>
                    </column>
                  </columns>
                </tab>
                <tab name="administration" id="{5b8906be-c80f-4c26-8ba2-b07f45cb2936}" IsUserDefined="0" ordinalvalue="5">
                  <columns>
                    <column width="100%" id="0">
                      <sections>
                        <section name="internal information" showlabel="false" showbar="false" id="{e40e4201-ddc0-4384-bb7a-44dd8be88ec6}" IsUserDefined="0" ordinalvalue="0">
                          <rows>
                            <row>
                              <cell id="{4e4fe577-cb53-47ba-a2de-2742f5611843}" showlabel="false" ordinalvalue="20001" solutionaction="Modified" />
                            </row>
                          </rows>
                        </section>
                        <section name="contact methods" showlabel="true" showbar="true" id="{842b89e4-8f3a-46b3-9d23-291eb8685ce9}" IsUserDefined="0" ordinalvalue="1">
                          <rows>
                            <row>
                              <cell id="{555ac5ba-3a26-428d-bcc2-2186f3e99b55}" ordinalvalue="30002" solutionaction="Modified" />
                              <cell id="{e28fe8e7-db54-417b-b8b4-bd10dca6a598}" showlabel="false" ordinalvalue="30005" solutionaction="Modified" />
                            </row>
                            <row>
                              <cell id="{0a5eeb02-68b5-4cec-93d5-fa27bd56e89b}" ordinalvalue="20001" solutionaction="Modified" />
                              <cell id="{94728680-acf9-46fa-b79e-2054e845c38e}" ordinalvalue="30005" solutionaction="Removed" />
                            </row>
                            <row>
                              <cell id="{4c7e3528-1a05-47d8-99c4-383e8ae36f62}" showlabel="false" ordinalvalue="20004" solutionaction="Modified" />
                              <cell id="{b1f14f52-ed46-4732-a505-b25b57577fcf}" ordinalvalue="30008" solutionaction="Removed" />
                            </row>
                            <row>
                              <cell id="{7efb5294-1d1c-4f78-9918-03dd80563cfb}" showlabel="false" ordinalvalue="20007" solutionaction="Modified" />
                              <cell id="{ab052079-6b79-4cf2-84e2-b61dad23742a}" ordinalvalue="30011" solutionaction="Removed" />
                            </row>
                            <row>
                              <cell id="{de7fc26f-92d3-4ac7-8794-fe1cdaebfe5a}" showlabel="false" ordinalvalue="30008" solutionaction="Added">
                                <labels>
                                  <label description="" languagecode="1033" />
                                </labels>
                              </cell>
                            </row>
                            <row>
                              <cell id="{3565f9d6-329d-4dc1-9c62-2be387e4fbe7}" showlabel="false" ordinalvalue="20010" solutionaction="Added">
                                <labels>
                                  <label description="" languagecode="1033" />
                                </labels>
                              </cell>
                              <cell id="{1056ce4d-ed0e-4f6c-b70e-196b23978edb}" showlabel="false" ordinalvalue="30011" solutionaction="Added">
                                <labels>
                                  <label description="" languagecode="1033" />
                                </labels>
                              </cell>
                            </row>
                          </rows>
                        </section>
                        <section name="marketing information" showlabel="true" showbar="true" locklevel="0" id="{7f86a255-fe14-4b3a-89ba-e1265712c006}" IsUserDefined="0" layout="varheight" columns="11" ordinalvalue="2">
                          <rows>
                            <row>
                              <cell id="{e8eb9a12-1e10-492b-bc93-384f7c166ec5}" showlabel="false" ordinalvalue="20003" solutionaction="Modified" />
                            </row>
                          </rows>
                        </section>
                        <section name="service preferences" showlabel="true" showbar="true" id="{DFF21ED1-106A-46FA-9C23-739C909FC16C}" IsUserDefined="0" ordinalvalue="3">
                          <rows>
                            <row>
                              <cell id="{2007a51d-f1c5-4750-989c-4dda02c448d6}" showlabel="false" ordinalvalue="20005" solutionaction="Modified" />
                            </row>
                          </rows>
                        </section>
                      </sections>
                    </column>
                  </columns>
                </tab>
              </tabs>
              <header id="{2b89aa75-b991-4875-88b0-d7ed40d2aaf3}" celllabelposition="Top">
                <rows>
                  <row>
                    <cell id="{bbdd44c3-d521-352e-db99-e0507da47822}" showlabel="false" ordinalvalue="30005" solutionaction="Modified" />
                  </row>
                </rows>
              </header>
              <Navigation>
                <NavBar>
                  <NavBarByRelationshipItem RelationshipName="Account_CustomerAddress" Id="navAddresses" TitleResourceId="Tab_Label_MoreAddresses" Sequence="10" Area="Info" solutionaction="Modified">
                    <Titles solutionaction="Added">
                      <Title LCID="1033" Text="More Addresses" />
                    </Titles>
                  </NavBarByRelationshipItem>
                  <NavBarByRelationshipItem RelationshipName="account_parent_account" Id="navSubAct" Icon="/_imgs/area/18_subAccounts.gif" TitleResourceId="Label_SubAccounts" Sequence="40" Area="Info" solutionaction="Modified">
                    <Titles solutionaction="Added">
                      <Title LCID="1033" Text="Sub-Accounts" />
                    </Titles>
                  </NavBarByRelationshipItem>
                  <NavBarByRelationshipItem RelationshipName="Account_ActivityPointers" Id="navActivities" Icon="/_imgs/ico_18_act.gif" Sequence="20" Area="Info" solutionaction="Modified">
                    <Titles solutionaction="Added">
                      <Title LCID="1033" Text="Activities" />
                    </Titles>
                  </NavBarByRelationshipItem>
                  <NavBarByRelationshipItem RelationshipName="Account_ActivityPointers" Id="navActivityHistory" TitleResourceId="Tab_Label_History" Icon="/_imgs/ico_18_history.gif" ViewId="21E2B905-6FDB-470d-8517-AD69B4C01268" Sequence="20" Area="Info" solutionaction="Modified">
                    <Titles solutionaction="Added">
                      <Title LCID="1033" Text="Closed Activities" />
                    </Titles>
                  </NavBarByRelationshipItem>
                  <NavBarByRelationshipItem RelationshipName="account_customer_relationship_customer" Id="navRelationships" TitleResourceId="Left_Nav_Area_Relationships" Sequence="60" Area="Info" solutionaction="Modified">
                    <Titles solutionaction="Added">
                      <Title LCID="1033" Text="Relationships" />
                    </Titles>
                  </NavBarByRelationshipItem>
                </NavBar>
                <NavBarAreas solutionaction="Added">
                  <NavBarArea Id="Info">
                    <Titles>
                      <Title LCID="1033" Text="Common" />
                    </Titles>
                  </NavBarArea>
                  <NavBarArea Id="Sales">
                    <Titles>
                      <Title LCID="1033" Text="Sales" />
                    </Titles>
                  </NavBarArea>
                  <NavBarArea Id="Service">
                    <Titles>
                      <Title LCID="1033" Text="Service" />
                    </Titles>
                  </NavBarArea>
                  <NavBarArea Id="Marketing">
                    <Titles>
                      <Title LCID="1033" Text="Marketing" />
                    </Titles>
                  </NavBarArea>
                  <NavBarArea Id="ProcessCenter">
                    <Titles>
                      <Title LCID="1033" Text="Process Sessions" />
                    </Titles>
                  </NavBarArea>
                </NavBarAreas>
              </Navigation>
            </form>
            <LocalizedNames>
              <LocalizedName description="Information" languagecode="1033" />
            </LocalizedNames>
            <Descriptions>
              <Description description="A form for this entity." languagecode="1033" />
            </Descriptions>
          </systemform>
        </forms>
      </FormXml>
      <RibbonDiffXml>
        <CustomActions />
        <Templates>
          <RibbonTemplates Id="Mscrm.Templates"></RibbonTemplates>
        </Templates>
        <CommandDefinitions />
        <RuleDefinitions>
          <TabDisplayRules />
          <DisplayRules />
          <EnableRules />
        </RuleDefinitions>
        <LocLabels />
      </RibbonDiffXml>
    </Entity>
  </Entities>
  <Roles></Roles>
  <Workflows></Workflows>
  <FieldSecurityProfiles></FieldSecurityProfiles>
  <Templates />
  <EntityMaps>
    <EntityMap>
      <EntitySource>account</EntitySource>
      <EntityTarget>opportunityproduct</EntityTarget>
      <AttributeMaps />
    </EntityMap>
    <EntityMap>
      <EntitySource>account</EntitySource>
      <EntityTarget>product</EntityTarget>
      <AttributeMaps />
    </EntityMap>
    <EntityMap>
      <EntitySource>account</EntitySource>
      <EntityTarget>quotedetail</EntityTarget>
      <AttributeMaps />
    </EntityMap>
  </EntityMaps>
  <EntityRelationships />
  <OrganizationSettings />
  <optionsets />
  <Languages>
    <Language>1033</Language>
  </Languages>
</ImportExportXml>