<ImportExportXml xmlns:xsi="http://www.w3.org/2001/XMLSchema-instance">
  <Entities>
    <Entity>
      <Name LocalizedName="Account" OriginalName="Account">Account</Name>
      <ObjectTypeCode>1</ObjectTypeCode>
      <FormXml>
        <forms type="main">
          <systemform>
            <formid>{b053a39a-041a-4356-acef-ddf00182762b}</formid>
            <IntroducedVersion>1.0</IntroducedVersion>
            <FormPresentation>0</FormPresentation>
            <FormActivationState>1</FormActivationState>
            <form showImage="true">
              <tabs>
                <tab name="tab_recordwall" id="{e94e6ac4-12db-bc8c-ec81-8b20c5987655}" IsUserDefined="0" locklevel="0" showlabel="true" expanded="false" labelid="{762fa9c4-92c0-47d7-980d-ce86d0a1fc0e}" ordinalvalue="0" solutionaction="Modified">
                  <columns>
                    <column width="100%" id="0">
                      <sections>
                        <section name="tab_recordwall_section_1" showlabel="false" showbar="false" locklevel="0" id="{ac0addcc-a626-6c98-40ee-b11edac36204}" IsUserDefined="0" layout="varwidth" columns="1" labelwidth="115" celllabelalignment="Left" celllabelposition="Left" labelid="{23e443b7-e9d1-444b-a851-cf136c390569}" ordinalvalue="0" solutionaction="Modified">
                          <rows>
                            <row>
                              <cell id="{be13b312-b6ac-83d7-34e1-e90dc1ecbec7}" showlabel="false" colspan="1" auto="false" rowspan="15" labelid="{dec4e21b-646b-4280-aa2a-4e43db77b30d}" ordinalvalue="10000" solutionaction="Modified" />
                            </row>
                          </rows>
                        </section>
                      </sections>
                    </column>
                  </columns>
                </tab>
                <tab name="administration" id="{5b8906be-c80f-4c26-8ba2-b07f45cb2936}" IsUserDefined="0" ordinalvalue="5">
                  <columns>
                    <column width="100%" id="0">
                      <sections>
                        <section name="contact methods" showlabel="true" showbar="true" id="{842b89e4-8f3a-46b3-9d23-291eb8685ce9}" IsUserDefined="0" ordinalvalue="1">
                          <rows>
                            <row>
                              <cell id="{555ac5ba-3a26-428d-bcc2-2186f3e99b55}" ordinalvalue="30002" solutionaction="Modified" />
                              <cell id="{e28fe8e7-db54-417b-b8b4-bd10dca6a598}" ordinalvalue="30005" solutionaction="Modified" />
                            </row>
                            <row>
                              <cell id="{0a5eeb02-68b5-4cec-93d5-fa27bd56e89b}" ordinalvalue="20001" solutionaction="Modified" />
                              <cell id="{94728680-acf9-46fa-b79e-2054e845c38e}" ordinalvalue="30005" solutionaction="Removed" />
                            </row>
                            <row>
                              <cell id="{4c7e3528-1a05-47d8-99c4-383e8ae36f62}" ordinalvalue="20004" solutionaction="Modified" />
                              <cell id="{b1f14f52-ed46-4732-a505-b25b57577fcf}" ordinalvalue="30008" solutionaction="Removed" />
                            </row>
                            <row>
                              <cell id="{7efb5294-1d1c-4f78-9918-03dd80563cfb}" ordinalvalue="20007" solutionaction="Modified" />
                              <cell id="{ab052079-6b79-4cf2-84e2-b61dad23742a}" ordinalvalue="30011" solutionaction="Removed" />
                            </row>
                            <row>
                              <cell id="{de7fc26f-92d3-4ac7-8794-fe1cdaebfe5a}" ordinalvalue="30008" solutionaction="Added">
                                <labels>
                                  <label description="" languagecode="1033" />
                                </labels>
                              </cell>
                            </row>
                            <row>
                              <cell id="{3565f9d6-329d-4dc1-9c62-2be387e4fbe7}" ordinalvalue="20010" solutionaction="Added">
                                <labels>
                                  <label description="" languagecode="1033" />
                                </labels>
                              </cell>
                              <cell id="{1056ce4d-ed0e-4f6c-b70e-196b23978edb}" ordinalvalue="30011" solutionaction="Added">
                                <labels>
                                  <label description="" languagecode="1033" />
                                </labels>
                              </cell>
                            </row>
                          </rows>
                        </section>
                      </sections>
                    </column>
                  </columns>
                </tab>
              </tabs>
            </form>
            <LocalizedNames>
              <LocalizedName description="Information" languagecode="1033" />
            </LocalizedNames>
            <Descriptions>
              <Description description="A form for this entity." languagecode="1033" />
            </Descriptions>
          </systemform>
        </forms>
      </FormXml>
      <RibbonDiffXml>
        <CustomActions />
        <Templates>
          <RibbonTemplates Id="Mscrm.Templates"></RibbonTemplates>
        </Templates>
        <CommandDefinitions />
        <RuleDefinitions>
          <TabDisplayRules />
          <DisplayRules />
          <EnableRules />
        </RuleDefinitions>
        <LocLabels />
      </RibbonDiffXml>
    </Entity>
  </Entities>
  <Roles></Roles>
  <Workflows></Workflows>
  <FieldSecurityProfiles></FieldSecurityProfiles>
  <Templates />
  <EntityMaps>
    <EntityMap>
      <EntitySource>account</EntitySource>
      <EntityTarget>opportunityproduct</EntityTarget>
      <AttributeMaps />
    </EntityMap>
    <EntityMap>
      <EntitySource>account</EntitySource>
      <EntityTarget>product</EntityTarget>
      <AttributeMaps />
    </EntityMap>
    <EntityMap>
      <EntitySource>account</EntitySource>
      <EntityTarget>quotedetail</EntityTarget>
      <AttributeMaps />
    </EntityMap>
  </EntityMaps>
  <EntityRelationships />
  <OrganizationSettings />
  <optionsets />
  <Languages>
    <Language>1033</Language>
  </Languages>
</ImportExportXml>