<ImportExportXml xmlns:xsi="http://www.w3.org/2001/XMLSchema-instance">
  <Entities>
    <Entity>
      <Name LocalizedName="Account" OriginalName="Account">Account</Name>
      <ObjectTypeCode>1</ObjectTypeCode>
      <EntityInfo>
        <entity Name="Account" unmodified="1">
          <attributes />
        </entity>
      </EntityInfo>
      <FormXml>
        <forms type="main">
          <systemform>
            <formid>{b053a39a-041a-4356-acef-ddf00182762b}</formid>
            <IntroducedVersion>1.0</IntroducedVersion>
            <FormPresentation>0</FormPresentation>
            <FormActivationState>1</FormActivationState>
            <form showImage="true">
              <hiddencontrols>
                <data id="address1_addressid" datafieldname="address1_addressid" classid="{5546E6CD-394C-4bee-94A8-4425E17EF6C6}" />
                <data id="address2_addressid" datafieldname="address2_addressid" classid="{5546E6CD-394C-4bee-94A8-4425E17EF6C6}" />
              </hiddencontrols>
              <tabs>
                <tab name="tab_recordwall" id="{e94e6ac4-12db-bc8c-ec81-8b20c5987655}" IsUserDefined="0" locklevel="0" showlabel="true" expanded="false" labelid="{762fa9c4-92c0-47d7-980d-ce86d0a1fc0e}">
                  <labels>
                    <label description="What's New" languagecode="1033" />
                  </labels>
                  <columns>
                    <column width="100%">
                      <sections>
                        <section name="tab_recordwall_section_1" showlabel="false" showbar="false" locklevel="0" id="{ac0addcc-a626-6c98-40ee-b11edac36204}" IsUserDefined="0" layout="varwidth" columns="1" labelwidth="115" celllabelalignment="Left" celllabelposition="Left" labelid="{23e443b7-e9d1-444b-a851-cf136c390569}">
                          <labels>
                            <label description="Section" languagecode="1033" />
                          </labels>
                          <rows>
                            <row>
                              <cell id="{be13b312-b6ac-83d7-34e1-e90dc1ecbec7}" showlabel="false" colspan="1" auto="false" rowspan="15" labelid="{dec4e21b-646b-4280-aa2a-4e43db77b30d}">
                                <labels>
                                  <label description="RecordWall" languagecode="1033" />
                                </labels>
                                <control id="WebResource_RecordWall" classid="{9FDF5F91-88B1-47f4-AD53-C11EFC01A01D}">
                                  <parameters>
                                    <Url>msdyn_/RecordWall.htm</Url>
                                    <PassParameters>true</PassParameters>
                                    <Security>false</Security>
                                    <Scrolling>auto</Scrolling>
                                    <Border>false</Border>
                                  </parameters>
                                </control>
                                <events>
                                  <event name="onload" application="0">
                                    <dependencies />
                                  </event>
                                </events>
                              </cell>
                            </row>
                            <row />
                            <row />
                            <row />
                            <row />
                            <row />
                            <row />
                            <row />
                            <row />
                            <row />
                            <row />
                            <row />
                            <row />
                            <row />
                            <row />
                          </rows>
                        </section>
                      </sections>
                    </column>
                  </columns>
                  <events>
                    <event name="tabstatechange" application="false" active="false">
                      <Handlers>
                        <Handler functionName="ActivityFeeds.Form.CustomizationUtils.updateRecordWallRenderingState" libraryName="msdyn_/ActivityFeeds.Form.js" handlerUniqueId="{9beb6ce6-2666-8033-a406-3d68d44b9592}" enabled="true" parameters="" passExecutionContext="true" />
                      </Handlers>
                    </event>
                  </events>
                </tab>
                <tab name="general" verticallayout="true" id="{13b0fbf2-e596-4dc5-919b-7a0aea72598b}" IsUserDefined="0">
                  <labels>
                    <label description="General" languagecode="1033" />
                  </labels>
                  <columns>
                    <column width="100%">
                      <sections>
                        <section name="account information" showlabel="false" showbar="false" id="{407c4e29-b766-4efb-986c-f4c1d9be75ce}" IsUserDefined="0">
                          <labels>
                            <label description="Account Information" languagecode="1033" />
                          </labels>
                          <rows>
                            <row>
                              <cell id="{ea0b806e-b8ff-474e-a676-962a67ec191d}">
                                <labels>
                                  <label description="Account Name" languagecode="1033" />
                                </labels>
                                <control id="name" classid="{4273EDBD-AC1D-40d3-9FB2-095C621B552D}" datafieldname="name" />
                              </cell>
                              <cell id="{10b26e53-bc30-481a-982e-3f70c476cd6a}">
                                <labels>
                                  <label description="Main Phone" languagecode="1033" />
                                </labels>
                                <control id="telephone1" classid="{4273EDBD-AC1D-40d3-9FB2-095C621B552D}" datafieldname="telephone1" />
                              </cell>
                            </row>
                            <row>
                              <cell id="{414469ee-8334-476e-ae58-8ac4692d03eb}">
                                <labels>
                                  <label description="Primary Contact" languagecode="1033" />
                                </labels>
                                <control id="primarycontactid" classid="{270BD3DB-D9AF-4782-9025-509E298DEC0A}" datafieldname="primarycontactid">
                                  <parameters>
                                    <FilterRelationshipName>contact_customer_accounts</FilterRelationshipName>
                                    <DependentAttributeName>contact.parentcustomerid</DependentAttributeName>
                                    <DependentAttributeType>account</DependentAttributeType>
                                    <AllowFilterOff>true</AllowFilterOff>
                                  </parameters>
                                </control>
                              </cell>
                              <cell id="{6ad12b41-f944-4536-b710-0223a9cd0e25}">
                                <labels>
                                  <label description="Other Phone" languagecode="1033" />
                                </labels>
                                <control id="telephone2" classid="{4273EDBD-AC1D-40d3-9FB2-095C621B552D}" datafieldname="telephone2" />
                              </cell>
                            </row>
                            <row>
                              <cell id="{4c14f897-986a-40dc-a7ba-df7801d13f01}">
                                <labels>
                                  <label description="Account Number" languagecode="1033" />
                                </labels>
                                <control id="accountnumber" classid="{4273EDBD-AC1D-40d3-9FB2-095C621B552D}" datafieldname="accountnumber" />
                              </cell>
                              <cell id="{c5fd4d12-00d0-45d1-9e60-595d27c4f4fc}">
                                <labels>
                                  <label description="Fax" languagecode="1033" />
                                </labels>
                                <control id="fax" classid="{4273EDBD-AC1D-40d3-9FB2-095C621B552D}" datafieldname="fax" />
                              </cell>
                            </row>
                            <row>
                              <cell id="{a8a9ce07-fda7-4329-8c1f-abf5cf028319}">
                                <labels>
                                  <label description="Parent Account" languagecode="1033" />
                                </labels>
                                <events>
                                  <event name="setadditionalparams" application="true" active="true">
                                    <InternalHandlers>
                                      <Handler functionName="Mscrm.parentaccountid_setadditionalparams" libraryName="Account_main_system_library.js" handlerUniqueId="c5cc10db-58ac-4611-a529-c1ff599707b1" enabled="true" passExecutionContext="true" />
                                    </InternalHandlers>
                                  </event>
                                </events>
                                <control id="parentaccountid" classid="{270BD3DB-D9AF-4782-9025-509E298DEC0A}" datafieldname="parentaccountid" />
                              </cell>
                              <cell id="{b0d69ad5-9803-48bd-b7ff-145ace4093e5}">
                                <labels>
                                  <label description="Website" languagecode="1033" />
                                </labels>
                                <control id="websiteurl" classid="{71716B6C-711E-476c-8AB8-5D11542BFB47}" datafieldname="websiteurl" />
                              </cell>
                            </row>
                            <row>
                              <cell id="{dd9cfe1d-a28a-4626-b56c-a247b5c7b759}">
                                <labels>
                                  <label description="Email" languagecode="1033" />
                                </labels>
                                <control id="emailaddress1" classid="{ADA2203E-B4CD-49be-9DDF-234642B43B52}" datafieldname="emailaddress1" />
                              </cell>
                              <cell id="{01289424-a3c2-4c71-815b-cb5f2bfaf9ce}" showlabel="false">
                                <labels>
                                  <label description="" languagecode="1033" />
                                </labels>
                              </cell>
                            </row>
                            <row>
                              <cell id="{4e580ca6-061d-27e4-3b23-4c8a363e5cba}" showlabel="true" locklevel="0">
                                <labels>
                                  <label description="Email Address 2" languagecode="1033" />
                                </labels>
                                <control id="emailaddress2" classid="{ADA2203E-B4CD-49be-9DDF-234642B43B52}" datafieldname="emailaddress2" disabled="false" />
                              </cell>
                              <cell id="{5b5cb2a1-0761-c794-d269-44277235ae46}" showlabel="false">
                                <labels>
                                  <label description="" languagecode="1033" />
                                </labels>
                              </cell>
                            </row>
                            <row>
                              <cell id="{0019ddac-8c7b-7902-5a08-59db9c134a96}" showlabel="true" locklevel="0">
                                <labels>
                                  <label description="Email Address 3" languagecode="1033" />
                                </labels>
                                <control id="emailaddress3" classid="{ADA2203E-B4CD-49be-9DDF-234642B43B52}" datafieldname="emailaddress3" disabled="false" />
                              </cell>
                              <cell id="{1d8ebdc3-0843-e416-c69b-cd0382d4831d}" showlabel="false">
                                <labels>
                                  <label description="" languagecode="1033" />
                                </labels>
                              </cell>
                            </row>
                          </rows>
                        </section>
                        <section name="address" showlabel="true" showbar="true" id="{5779eb54-a281-4f49-924f-7dad336c7107}" IsUserDefined="0">
                          <labels>
                            <label description="Address" languagecode="1033" />
                          </labels>
                          <rows>
                            <row>
                              <cell id="{a4374597-5377-4202-a979-4e842b91a740}">
                                <labels>
                                  <label description="Address Type" languagecode="1033" />
                                </labels>
                                <control id="address1_addresstypecode" classid="{3EF39988-22BB-4f0b-BBBE-64B5A3748AEE}" datafieldname="address1_addresstypecode" />
                              </cell>
                              <cell id="{0b8169a9-70e7-4167-a187-5d14f13fbaac}">
                                <labels>
                                  <label description="City" languagecode="1033" />
                                </labels>
                                <control id="address1_city" classid="{4273EDBD-AC1D-40d3-9FB2-095C621B552D}" datafieldname="address1_city" />
                              </cell>
                            </row>
                            <row>
                              <cell id="{390c5ea8-980e-4d6c-b968-b5acca16384b}">
                                <labels>
                                  <label description="Address Name" languagecode="1033" />
                                </labels>
                                <control id="address1_name" classid="{4273EDBD-AC1D-40d3-9FB2-095C621B552D}" datafieldname="address1_name" />
                              </cell>
                              <cell id="{61e59a3f-e29d-4f49-ac14-86321b9518ce}">
                                <labels>
                                  <label description="State/Province" languagecode="1033" />
                                </labels>
                                <control id="address1_stateorprovince" classid="{4273EDBD-AC1D-40d3-9FB2-095C621B552D}" datafieldname="address1_stateorprovince" />
                              </cell>
                            </row>
                            <row>
                              <cell id="{e2bca216-eb22-418e-a2af-3f66de555c52}">
                                <labels>
                                  <label description="Street" languagecode="1033" />
                                </labels>
                                <control id="address1_line1" classid="{4273EDBD-AC1D-40d3-9FB2-095C621B552D}" datafieldname="address1_line1" />
                              </cell>
                              <cell id="{067f2ed1-9d31-4528-a997-79ae9fcd64e9}">
                                <labels>
                                  <label description="ZIP/Postal Code" languagecode="1033" />
                                </labels>
                                <control id="address1_postalcode" classid="{4273EDBD-AC1D-40d3-9FB2-095C621B552D}" datafieldname="address1_postalcode" />
                              </cell>
                            </row>
                            <row>
                              <cell id="{312e195e-1bda-489d-9f48-16cb8253e048}">
                                <labels>
                                  <label description="Street 2" languagecode="1033" />
                                </labels>
                                <control id="address1_line2" classid="{4273EDBD-AC1D-40d3-9FB2-095C621B552D}" datafieldname="address1_line2" />
                              </cell>
                              <cell id="{b553e9b2-9f63-4502-80bf-38afa607f535}">
                                <labels>
                                  <label description="Country/Region" languagecode="1033" />
                                </labels>
                                <control id="address1_country" classid="{4273EDBD-AC1D-40d3-9FB2-095C621B552D}" datafieldname="address1_country" />
                              </cell>
                            </row>
                            <row>
                              <cell id="{c3c76f9b-b562-4736-8ee1-d502501fdd3d}">
                                <labels>
                                  <label description="Street 3" languagecode="1033" />
                                </labels>
                                <control id="address1_line3" classid="{4273EDBD-AC1D-40d3-9FB2-095C621B552D}" datafieldname="address1_line3" />
                              </cell>
                              <cell id="{7a66c3c9-3d5e-4be6-81e9-0964638b2c92}">
                                <labels>
                                  <label description="Phone" languagecode="1033" />
                                </labels>
                                <control id="address1_telephone1" classid="{4273EDBD-AC1D-40d3-9FB2-095C621B552D}" datafieldname="address1_telephone1" />
                              </cell>
                            </row>
                          </rows>
                        </section>
                        <section name="shipping information" showlabel="false" showbar="true" id="{73762e52-a191-4917-a386-7cd5960c6329}" IsUserDefined="0">
                          <labels>
                            <label description="Shipping Information" languagecode="1033" />
                          </labels>
                          <rows>
                            <row>
                              <cell id="{ac01175d-b230-4be8-9058-4ad3d82fb86c}">
                                <labels>
                                  <label description="Shipping Method" languagecode="1033" />
                                </labels>
                                <control id="address1_shippingmethodcode" classid="{3EF39988-22BB-4f0b-BBBE-64B5A3748AEE}" datafieldname="address1_shippingmethodcode" />
                              </cell>
                              <cell id="{436ffc21-7536-4fd8-95e4-c898fb324b27}">
                                <labels>
                                  <label description="Freight Terms" languagecode="1033" />
                                </labels>
                                <control id="address1_freighttermscode" classid="{3EF39988-22BB-4f0b-BBBE-64B5A3748AEE}" datafieldname="address1_freighttermscode" />
                              </cell>
                            </row>
                          </rows>
                        </section>
                        <section name="description" showlabel="true" showbar="true" id="{371fc62b-6e62-4cad-9f70-76da338b39a3}" IsUserDefined="0" height="auto">
                          <labels>
                            <label description="Description" languagecode="1033" />
                          </labels>
                          <rows>
                            <row>
                              <cell colspan="2" showlabel="false" rowspan="5" auto="true" id="{679a0c59-4a19-4383-95a6-0df4d8b7dafa}">
                                <labels>
                                  <label description="Description" languagecode="1033" />
                                </labels>
                                <control id="description" classid="{E0DECE4B-6FC8-4a8f-A065-082708572369}" datafieldname="description" />
                              </cell>
                            </row>
                            <row />
                            <row />
                            <row />
                            <row height="auto" />
                          </rows>
                        </section>
                      </sections>
                    </column>
                  </columns>
                </tab>
                <tab name="details" id="{e8642bdb-3b0b-4ce4-bcca-646d04e856cb}" IsUserDefined="0">
                  <labels>
                    <label description="Details" languagecode="1033" />
                  </labels>
                  <columns>
                    <column width="100%">
                      <sections>
                        <section name="professional information" showlabel="true" showbar="true" id="{2bb37cd5-2d02-47cc-8464-27e5aa1c400d}" IsUserDefined="0">
                          <labels>
                            <label description="Professional Information" languagecode="1033" />
                          </labels>
                          <rows>
                            <row>
                              <cell colspan="2" id="{cc9400cb-5058-460d-a8e3-8ca46fe1b00c}">
                                <labels>
                                  <label description="Industry" languagecode="1033" />
                                </labels>
                                <control id="industrycode" classid="{3EF39988-22BB-4f0b-BBBE-64B5A3748AEE}" datafieldname="industrycode" />
                              </cell>
                            </row>
                            <row>
                              <cell id="{b0dd608d-2913-43dc-9f37-386239b8c8ca}">
                                <labels>
                                  <label description="Annual Revenue" languagecode="1033" />
                                </labels>
                                <control id="revenue" classid="{533B9E00-756B-4312-95A0-DC888637AC78}" datafieldname="revenue" />
                              </cell>
                              <cell id="{27022de3-5e5e-4d79-a540-0e99c54f2ea4}">
                                <labels>
                                  <label description="Ownership" languagecode="1033" />
                                </labels>
                                <control id="ownershipcode" classid="{3EF39988-22BB-4f0b-BBBE-64B5A3748AEE}" datafieldname="ownershipcode" />
                              </cell>
                            </row>
                            <row>
                              <cell id="{20355ff9-a398-4f97-8fc9-86ad60b4de78}">
                                <labels>
                                  <label description="No. of Employees" languagecode="1033" />
                                </labels>
                                <control id="numberofemployees" classid="{C6D124CA-7EDA-4a60-AEA9-7FB8D318B68F}" datafieldname="numberofemployees" />
                              </cell>
                              <cell id="{ca60d618-c7f6-4dff-86bb-c80a4bf4383f}">
                                <labels>
                                  <label description="Ticker Symbol" languagecode="1033" />
                                </labels>
                                <control id="tickersymbol" classid="{1E1FC551-F7A8-43af-AC34-A8DC35C7B6D4}" datafieldname="tickersymbol" />
                              </cell>
                            </row>
                            <row>
                              <cell id="{cec04501-3f93-40ab-afb3-3fba3bd15547}">
                                <labels>
                                  <label description="SIC Code" languagecode="1033" />
                                </labels>
                                <control id="sic" classid="{4273EDBD-AC1D-40d3-9FB2-095C621B552D}" datafieldname="sic" />
                              </cell>
                              <cell id="{02f048e0-e417-409e-8e3f-c9a5197f6035}" showlabel="false">
                                <labels>
                                  <label description="" languagecode="1033" />
                                </labels>
                              </cell>
                            </row>
                          </rows>
                        </section>
                        <section name="description" showlabel="false" showbar="true" id="{22c54202-b263-46e5-9676-47112c3be47d}" IsUserDefined="0">
                          <labels>
                            <label description="Description" languagecode="1033" />
                          </labels>
                          <rows>
                            <row>
                              <cell id="{2f4ffee8-4252-4343-8657-76ad64a3c0a0}">
                                <labels>
                                  <label description="Territory" languagecode="1033" />
                                </labels>
                                <control id="territoryid" classid="{270BD3DB-D9AF-4782-9025-509E298DEC0A}" datafieldname="territoryid" />
                              </cell>
                              <cell id="{e869b293-84be-4743-a71a-fe6eca532aad}">
                                <labels>
                                  <label description="Category" languagecode="1033" />
                                </labels>
                                <control id="accountcategorycode" classid="{3EF39988-22BB-4f0b-BBBE-64B5A3748AEE}" datafieldname="accountcategorycode" />
                              </cell>
                            </row>
                            <row>
                              <cell id="{75231669-b6e4-42c1-98fa-ed1fd2d4091b}">
                                <labels>
                                  <label description="Relationship Type" languagecode="1033" />
                                </labels>
                                <control id="customertypecode" classid="{3EF39988-22BB-4f0b-BBBE-64B5A3748AEE}" datafieldname="customertypecode" />
                              </cell>
                              <cell id="{29760e45-5a38-4b2a-b8d0-fd99fb62f6d1}" showlabel="false">
                                <labels>
                                  <label description="" languagecode="1033" />
                                </labels>
                              </cell>
                            </row>
                          </rows>
                        </section>
                        <section name="billing information" showlabel="true" showbar="true" id="{0243b19c-f88a-410c-9d90-0862142c56e2}" IsUserDefined="0">
                          <labels>
                            <label description="Billing Information" languagecode="1033" />
                          </labels>
                          <rows>
                            <row>
                              <cell id="{33b5e3cb-6765-4cea-b1a6-b7fa071e942f}">
                                <labels>
                                  <label description="Currency" languagecode="1033" />
                                </labels>
                                <control id="transactioncurrencyid" classid="{270BD3DB-D9AF-4782-9025-509E298DEC0A}" datafieldname="transactioncurrencyid" />
                              </cell>
                              <cell id="{98872a67-595f-4a39-93fc-628a0d4aec4e}">
                                <labels>
                                  <label description="Payment Terms" languagecode="1033" />
                                </labels>
                                <control id="paymenttermscode" classid="{3EF39988-22BB-4f0b-BBBE-64B5A3748AEE}" datafieldname="paymenttermscode" />
                              </cell>
                            </row>
                            <row>
                              <cell id="{b978afe4-1145-4d11-b73d-2d3a75674628}">
                                <labels>
                                  <label description="Credit Limit" languagecode="1033" />
                                </labels>
                                <control id="creditlimit" classid="{533B9E00-756B-4312-95A0-DC888637AC78}" datafieldname="creditlimit" />
                              </cell>
                              <cell id="{1eefa848-c48d-47c9-8ff4-796403c5a51a}">
                                <labels>
                                  <label description="Price List" languagecode="1033" />
                                </labels>
                                <control id="defaultpricelevelid" classid="{270BD3DB-D9AF-4782-9025-509E298DEC0A}" datafieldname="defaultpricelevelid">
                                  <parameters>
                                    <FilterRelationshipName>transactioncurrency_pricelevel</FilterRelationshipName>
                                    <DependentAttributeName>account.transactioncurrencyid</DependentAttributeName>
                                    <DependentAttributeType>transactioncurrency</DependentAttributeType>
                                  </parameters>
                                </control>
                              </cell>
                            </row>
                            <row>
                              <cell id="{88b1eb8d-6cb7-4172-a2e9-68d7f702a941}">
                                <labels>
                                  <label description="Credit Hold" languagecode="1033" />
                                </labels>
                                <control id="creditonhold" classid="{67FAC785-CD58-4f9f-ABB3-4B7DDC6ED5ED}" datafieldname="creditonhold" />
                              </cell>
                              <cell id="{811dc54d-f71e-4364-93f4-71e00074d317}" showlabel="false">
                                <labels>
                                  <label description="" languagecode="1033" />
                                </labels>
                              </cell>
                            </row>
                          </rows>
                        </section>
                      </sections>
                    </column>
                  </columns>
                </tab>
                <tab name="contacts" id="{52c46fc3-c588-42d2-b24a-764536e3ce79}" IsUserDefined="0">
                  <labels>
                    <label description="Contacts" languagecode="1033" />
                  </labels>
                  <columns>
                    <column width="100%">
                      <sections>
                        <section name="contacts" showlabel="false" showbar="false" id="{9cbcf314-a025-4970-b565-cda49c7915fb}" IsUserDefined="0">
                          <labels>
                            <label description="Contacts" languagecode="1033" />
                          </labels>
                          <rows>
                            <row>
                              <cell id="{e72396ab-5fda-4730-8990-7e281eb5bc2d}" showlabel="true" colspan="2" auto="false" rowspan="7">
                                <labels>
                                  <label description="Contacts" languagecode="1033" />
                                </labels>
                                <control id="accountContactsGrid" classid="{E7A81278-8635-4d9e-8D4D-59480B391C5B}">
                                  <parameters>
                                    <ViewId>{00000000-0000-0000-00AA-000010001003}</ViewId>
                                    <RelationshipName>contact_customer_accounts</RelationshipName>
                                    <TargetEntityType>contact</TargetEntityType>
                                    <AutoExpand>Fixed</AutoExpand>
                                    <EnableQuickFind>false</EnableQuickFind>
                                    <EnableViewPicker>true</EnableViewPicker>
                                    <EnableJumpBar>false</EnableJumpBar>
                                    <EnableChartPicker>false</EnableChartPicker>
                                    <RecordsPerPage>10</RecordsPerPage>
                                  </parameters>
                                </control>
                              </cell>
                            </row>
                            <row />
                            <row />
                            <row />
                            <row />
                            <row />
                            <row />
                          </rows>
                        </section>
                      </sections>
                    </column>
                  </columns>
                </tab>
                <tab name="notes and activities" id="{61710424-A7C1-4db5-9489-788BCDCF267A}" IsUserDefined="0" expanded="false">
                  <labels>
                    <label description="Notes &amp; Activities" languagecode="1033" />
                  </labels>
                  <columns>
                    <column width="100%">
                      <sections>
                        <section name="activities" showlabel="true" showbar="true" id="{690cd22e-026f-4e6a-8e93-74e5c27b4973}" IsUserDefined="0" height="auto">
                          <labels>
                            <label description="Activities" languagecode="1033" />
                          </labels>
                          <rows>
                            <row>
                              <cell id="{7b59c56a-dbbd-4771-ae35-a75ea32fab7e}" showlabel="false" colspan="2" auto="true" rowspan="7">
                                <labels>
                                  <label description="Activities" languagecode="1033" />
                                </labels>
                                <control id="accountactivitiesgrid" classid="{E7A81278-8635-4d9e-8D4D-59480B391C5B}">
                                  <parameters>
                                    <ViewId>{00000000-0000-0000-00AA-000010001900}</ViewId>
                                    <RelationshipName>Account_ActivityPointers</RelationshipName>
                                    <TargetEntityType>activitypointer</TargetEntityType>
                                    <AutoExpand>Fixed</AutoExpand>
                                    <EnableQuickFind>false</EnableQuickFind>
                                    <EnableViewPicker>true</EnableViewPicker>
                                    <EnableJumpBar>false</EnableJumpBar>
                                    <EnableChartPicker>false</EnableChartPicker>
                                    <RecordsPerPage>10</RecordsPerPage>
                                  </parameters>
                                </control>
                              </cell>
                            </row>
                            <row />
                            <row />
                            <row />
                            <row />
                            <row />
                            <row height="auto" />
                          </rows>
                        </section>
                        <section name="notes" showlabel="true" showbar="true" id="{2D4972DE-69D5-4518-B3F7-A9683B62E2C0}" IsUserDefined="0" height="auto">
                          <labels>
                            <label description="Notes" languagecode="1033" />
                          </labels>
                          <rows>
                            <row>
                              <cell colspan="2" showlabel="false" rowspan="5" auto="false" id="{1f818cf3-2603-40d8-bd5f-aced5b2351aa}">
                                <labels>
                                  <label description="Note Text" languagecode="1033" />
                                </labels>
                                <control id="notescontrol" classid="{06375649-C143-495E-A496-C962E5B4488E}" />
                              </cell>
                            </row>
                            <row />
                            <row />
                            <row />
                            <row height="auto" />
                          </rows>
                        </section>
                      </sections>
                    </column>
                  </columns>
                </tab>
                <tab name="administration" id="{5b8906be-c80f-4c26-8ba2-b07f45cb2936}" IsUserDefined="0">
                  <labels>
                    <label description="Preferences" languagecode="1033" />
                  </labels>
                  <columns>
                    <column width="100%">
                      <sections>
                        <section name="internal information" showlabel="false" showbar="false" id="{e40e4201-ddc0-4384-bb7a-44dd8be88ec6}" IsUserDefined="0">
                          <labels>
                            <label description="Internal Information" languagecode="1033" />
                          </labels>
                          <rows>
                            <row>
                              <cell id="{670dc25c-ddd3-422a-9981-e3cd3d977948}">
                                <labels>
                                  <label description="Owner" languagecode="1033" />
                                </labels>
                                <control id="ownerid" classid="{270BD3DB-D9AF-4782-9025-509E298DEC0A}" datafieldname="ownerid" />
                              </cell>
                              <cell id="{4e4fe577-cb53-47ba-a2de-2742f5611843}" showlabel="false">
                                <labels>
                                  <label description="" languagecode="1033" />
                                </labels>
                              </cell>
                            </row>
                          </rows>
                        </section>
                        <section name="contact methods" showlabel="true" showbar="true" id="{842b89e4-8f3a-46b3-9d23-291eb8685ce9}" IsUserDefined="0">
                          <labels>
                            <label description="Contact Methods" languagecode="1033" />
                          </labels>
                          <rows>
                            <row>
                              <cell id="{00c7bffc-eedd-49e8-bde2-aa845fca0cbf}">
                                <labels>
                                  <label description="Contact Method" languagecode="1033" />
                                </labels>
                                <control id="preferredcontactmethodcode" classid="{3EF39988-22BB-4f0b-BBBE-64B5A3748AEE}" datafieldname="preferredcontactmethodcode" />
                              </cell>
                              <cell id="{0a5eeb02-68b5-4cec-93d5-fa27bd56e89b}">
                                <labels>
                                  <label description="Fax" languagecode="1033" />
                                </labels>
                                <control id="donotfax" classid="{67FAC785-CD58-4f9f-ABB3-4B7DDC6ED5ED}" datafieldname="donotfax" />
                              </cell>
                              <cell id="{555ac5ba-3a26-428d-bcc2-2186f3e99b55}">
                                <labels>
                                  <label description="Bulk Email" languagecode="1033" />
                                </labels>
                                <control id="donotbulkemail" classid="{67FAC785-CD58-4f9f-ABB3-4B7DDC6ED5ED}" datafieldname="donotbulkemail" />
                              </cell>
                            </row>
                            <row>
                              <cell id="{7978684f-a8c5-48b2-9b11-4d34215f3e74}">
                                <labels>
                                  <label description="Email" languagecode="1033" />
                                </labels>
                                <control id="donotemail" classid="{67FAC785-CD58-4f9f-ABB3-4B7DDC6ED5ED}" datafieldname="donotemail" />
                              </cell>
                              <cell id="{4c7e3528-1a05-47d8-99c4-383e8ae36f62}" showlabel="false">
                                <labels>
                                  <label description="" languagecode="1033" />
                                </labels>
                              </cell>
                              <cell id="{e28fe8e7-db54-417b-b8b4-bd10dca6a598}" showlabel="false">
                                <labels>
                                  <label description="" languagecode="1033" />
                                </labels>
                              </cell>
                            </row>
                            <row>
                              <cell id="{18193a06-a1fa-41c7-86b6-7bd88696c495}">
                                <labels>
                                  <label description="Phone" languagecode="1033" />
                                </labels>
                                <control id="donotphone" classid="{67FAC785-CD58-4f9f-ABB3-4B7DDC6ED5ED}" datafieldname="donotphone" />
                              </cell>
                              <cell id="{7efb5294-1d1c-4f78-9918-03dd80563cfb}" showlabel="false">
                                <labels>
                                  <label description="" languagecode="1033" />
                                </labels>
                              </cell>
                              <cell id="{de7fc26f-92d3-4ac7-8794-fe1cdaebfe5a}" showlabel="false">
                                <labels>
                                  <label description="" languagecode="1033" />
                                </labels>
                              </cell>
                            </row>
                            <row>
                              <cell id="{4a9ae9d0-f4ca-45f0-886c-bcfc00f98003}">
                                <labels>
                                  <label description="Mail" languagecode="1033" />
                                </labels>
                                <control id="donotpostalmail" classid="{67FAC785-CD58-4f9f-ABB3-4B7DDC6ED5ED}" datafieldname="donotpostalmail" />
                              </cell>
                              <cell id="{3565f9d6-329d-4dc1-9c62-2be387e4fbe7}" showlabel="false">
                                <labels>
                                  <label description="" languagecode="1033" />
                                </labels>
                              </cell>
                              <cell id="{1056ce4d-ed0e-4f6c-b70e-196b23978edb}" showlabel="false">
                                <labels>
                                  <label description="" languagecode="1033" />
                                </labels>
                              </cell>
                            </row>
                          </rows>
                        </section>
                        <section name="marketing information" showlabel="true" showbar="true" locklevel="0" id="{7f86a255-fe14-4b3a-89ba-e1265712c006}" IsUserDefined="0" layout="varheight" columns="11">
                          <labels>
                            <label description="Marketing Information" languagecode="1033" />
                          </labels>
                          <rows>
                            <row>
                              <cell id="{5d977a22-6ea8-4b46-90ed-092755c9eb08}">
                                <labels>
                                  <label description="Originating Lead" languagecode="1033" />
                                </labels>
                                <control id="originatingleadid" classid="{270BD3DB-D9AF-4782-9025-509E298DEC0A}" datafieldname="originatingleadid" />
                              </cell>
                              <cell auto="false" showlabel="true" locklevel="0" rowspan="1" colspan="1" id="{5f0552ba-6db6-4da0-b2a7-b388d3c8d280}">
                                <labels>
                                  <label description="Last Date Included in Campaign" languagecode="1033" />
                                </labels>
                                <control id="lastusedincampaign" classid="{5B773807-9FB2-42db-97C3-7A91EFF8ADFF}" datafieldname="lastusedincampaign" disabled="true" />
                              </cell>
                            </row>
                            <row>
                              <cell auto="false" showlabel="true" locklevel="0" rowspan="1" colspan="1" id="{edbbf74d-9d9b-4646-9972-e104503c87e8}">
                                <labels>
                                  <label description="Send Marketing Materials" languagecode="1033" />
                                </labels>
                                <control id="donotsendmm" classid="{67FAC785-CD58-4f9f-ABB3-4B7DDC6ED5ED}" datafieldname="donotsendmm" disabled="false" />
                              </cell>
                              <cell id="{e8eb9a12-1e10-492b-bc93-384f7c166ec5}" showlabel="false">
                                <labels>
                                  <label description="" languagecode="1033" />
                                </labels>
                              </cell>
                            </row>
                          </rows>
                        </section>
                        <section name="service preferences" showlabel="true" showbar="true" id="{DFF21ED1-106A-46FA-9C23-739C909FC16C}" IsUserDefined="0">
                          <labels>
                            <label description="Service Preferences" languagecode="1033" />
                          </labels>
                          <rows>
                            <row>
                              <cell id="{ad68a13b-fc81-48a0-ae32-b73c15f44c2d}">
                                <labels>
                                  <label description="Preferred Day" languagecode="1033" />
                                </labels>
                                <control id="preferredappointmentdaycode" classid="{3EF39988-22BB-4f0b-BBBE-64B5A3748AEE}" datafieldname="preferredappointmentdaycode" />
                              </cell>
                              <cell id="{34778c1b-f773-49b3-8007-b8450a5e4075}">
                                <labels>
                                  <label description="Preferred Facility/Equipment" languagecode="1033" />
                                </labels>
                                <control id="preferredequipmentid" classid="{270BD3DB-D9AF-4782-9025-509E298DEC0A}" datafieldname="preferredequipmentid" />
                              </cell>
                            </row>
                            <row>
                              <cell id="{8143f220-03cc-4174-95e1-6ddda80316fc}">
                                <labels>
                                  <label description="Preferred Time" languagecode="1033" />
                                </labels>
                                <control id="preferredappointmenttimecode" classid="{3EF39988-22BB-4f0b-BBBE-64B5A3748AEE}" datafieldname="preferredappointmenttimecode" />
                              </cell>
                              <cell id="{c0894e23-3db1-4bcb-b0f9-450ed1584b0c}">
                                <labels>
                                  <label description="Preferred User" languagecode="1033" />
                                </labels>
                                <control id="preferredsystemuserid" classid="{270BD3DB-D9AF-4782-9025-509E298DEC0A}" datafieldname="preferredsystemuserid" />
                              </cell>
                            </row>
                            <row>
                              <cell id="{c8976aaa-662c-40de-b866-5303e6e20779}">
                                <labels>
                                  <label description="Preferred Service" languagecode="1033" />
                                </labels>
                                <control id="preferredserviceid" classid="{270BD3DB-D9AF-4782-9025-509E298DEC0A}" datafieldname="preferredserviceid">
                                  <parameters>
                                    <DefaultViewId>{2BD4DE5E-A7B4-4f5d-8FDE-EB3B62D8E2B2}</DefaultViewId>
                                  </parameters>
                                </control>
                              </cell>
                              <cell id="{2007a51d-f1c5-4750-989c-4dda02c448d6}" showlabel="false">
                                <labels>
                                  <label description="" languagecode="1033" />
                                </labels>
                              </cell>
                            </row>
                          </rows>
                        </section>
                      </sections>
                    </column>
                  </columns>
                </tab>
              </tabs>
              <header id="{2b89aa75-b991-4875-88b0-d7ed40d2aaf3}" celllabelposition="Top">
                <rows>
                  <row>
                    <cell id="{d7deb60b-a95d-5a1a-5c0b-3600cda8743c}">
                      <labels>
                        <label description="Primary Contact" languagecode="1033" />
                      </labels>
                      <control id="header_primarycontactid" classid="{270BD3DB-D9AF-4782-9025-509E298DEC0A}" datafieldname="primarycontactid" disabled="true" />
                    </cell>
                    <cell id="{b8d5b412-13ce-83b0-15e5-e13754c73da7}">
                      <labels>
                        <label description="Preferred Method of Contact" languagecode="1033" />
                      </labels>
                      <control id="header_preferredcontactmethodcode" classid="{3EF39988-22BB-4f0b-BBBE-64B5A3748AEE}" datafieldname="preferredcontactmethodcode" disabled="true" />
                    </cell>
                    <cell id="{5e00a0b1-b693-1603-3bd9-612d1b3da9a0}">
                      <labels>
                        <label description="Owner" languagecode="1033" />
                      </labels>
                      <control id="header_ownerid" classid="{270BD3DB-D9AF-4782-9025-509E298DEC0A}" datafieldname="ownerid" disabled="true" />
                    </cell>
                  </row>
                  <row>
                    <cell id="{4d0995d9-05d8-4b10-7e31-3631128e4163}">
                      <labels>
                        <label description="Credit Limit" languagecode="1033" />
                      </labels>
                      <control id="header_creditlimit" classid="{533B9E00-756B-4312-95A0-DC888637AC78}" datafieldname="creditlimit" disabled="true" />
                    </cell>
                    <cell id="{ca66c1d0-7d7a-1e71-c030-57125acd1474}">
                      <labels>
                        <label description="Annual Revenue" languagecode="1033" />
                      </labels>
                      <control id="header_revenue" classid="{533B9E00-756B-4312-95A0-DC888637AC78}" datafieldname="revenue" disabled="true" />
                    </cell>
                    <cell id="{bbdd44c3-d521-352e-db99-e0507da47822}" showlabel="false">
                      <labels>
                        <label description="" languagecode="1033" />
                      </labels>
                    </cell>
                  </row>
                </rows>
              </header>
              <clientresources>
                <internalresources>
                  <clientincludes>
                    <internaljscriptfile src="$webresource:Account_main_system_library.js" />
                  </clientincludes>
                </internalresources>
              </clientresources>
              <Navigation>
                <NavBar>
                  <NavBarByRelationshipItem RelationshipName="Account_CustomerAddress" Id="navAddresses" TitleResourceId="Tab_Label_MoreAddresses" Sequence="10" Area="Info">
                    <Titles>
                      <Title LCID="1033" Text="More Addresses" />
                    </Titles>
                  </NavBarByRelationshipItem>
                  <NavBarByRelationshipItem RelationshipName="Account_ActivityPointers" Id="navActivities" Icon="/_imgs/ico_18_act.gif" Sequence="20" Area="Info">
                    <Privileges>
                      <Privilege Entity="" Privilege="ReadActivity" />
                    </Privileges>
                    <Titles>
                      <Title LCID="1033" Text="Activities" />
                    </Titles>
                  </NavBarByRelationshipItem>
                  <NavBarByRelationshipItem RelationshipName="Account_ActivityPointers" Id="navActivityHistory" TitleResourceId="Tab_Label_History" Icon="/_imgs/ico_18_history.gif" ViewId="21E2B905-6FDB-470d-8517-AD69B4C01268" Sequence="20" Area="Info">
                    <Privileges>
                      <Privilege Entity="" Privilege="ReadActivity" />
                    </Privileges>
                    <Titles>
                      <Title LCID="1033" Text="Closed Activities" />
                    </Titles>
                  </NavBarByRelationshipItem>
                  <NavBarByRelationshipItem RelationshipName="account_parent_account" Id="navSubAct" Icon="/_imgs/area/18_subAccounts.gif" TitleResourceId="Label_SubAccounts" Sequence="40" Area="Info">
                    <Titles>
                      <Title LCID="1033" Text="Sub-Accounts" />
                    </Titles>
                  </NavBarByRelationshipItem>
                  <NavBarByRelationshipItem RelationshipName="account_customer_relationship_customer" Id="navRelationships" TitleResourceId="Left_Nav_Area_Relationships" Sequence="60" Area="Info">
                    <Titles>
                      <Title LCID="1033" Text="Relationships" />
                    </Titles>
                  </NavBarByRelationshipItem>
                </NavBar>
                <NavBarAreas>
                  <NavBarArea Id="Info">
                    <Titles>
                      <Title LCID="1033" Text="Common" />
                    </Titles>
                  </NavBarArea>
                  <NavBarArea Id="Sales">
                    <Titles>
                      <Title LCID="1033" Text="Sales" />
                    </Titles>
                  </NavBarArea>
                  <NavBarArea Id="Service">
                    <Titles>
                      <Title LCID="1033" Text="Service" />
                    </Titles>
                  </NavBarArea>
                  <NavBarArea Id="Marketing">
                    <Titles>
                      <Title LCID="1033" Text="Marketing" />
                    </Titles>
                  </NavBarArea>
                  <NavBarArea Id="ProcessCenter">
                    <Titles>
                      <Title LCID="1033" Text="Process Sessions" />
                    </Titles>
                  </NavBarArea>
                </NavBarAreas>
              </Navigation>
              <formLibraries>
                <Library name="msdyn_/ActivityFeeds.Form.js" libraryUniqueId="{4181da4c-6d13-ba3c-c859-be404e4ee2e3}" />
              </formLibraries>
            </form>
            <LocalizedNames>
              <LocalizedName description="Information" languagecode="1033" />
            </LocalizedNames>
            <Descriptions>
              <Description description="A form for this entity." languagecode="1033" />
            </Descriptions>
          </systemform>
        </forms>
      </FormXml>
      <RibbonDiffXml>
        <CustomActions />
        <Templates>
          <RibbonTemplates Id="Mscrm.Templates"></RibbonTemplates>
        </Templates>
        <CommandDefinitions />
        <RuleDefinitions>
          <TabDisplayRules />
          <DisplayRules />
          <EnableRules />
        </RuleDefinitions>
        <LocLabels />
      </RibbonDiffXml>
    </Entity>
  </Entities>
  <Roles></Roles>
  <Workflows></Workflows>
  <FieldSecurityProfiles></FieldSecurityProfiles>
  <Templates />
  <EntityMaps>
    <EntityMap>
      <EntitySource>account</EntitySource>
      <EntityTarget>opportunityproduct</EntityTarget>
      <AttributeMaps />
    </EntityMap>
    <EntityMap>
      <EntitySource>account</EntitySource>
      <EntityTarget>product</EntityTarget>
      <AttributeMaps />
    </EntityMap>
    <EntityMap>
      <EntitySource>account</EntitySource>
      <EntityTarget>quotedetail</EntityTarget>
      <AttributeMaps />
    </EntityMap>
  </EntityMaps>
  <EntityRelationships />
  <OrganizationSettings />
  <optionsets />
  <Languages>
    <Language>1033</Language>
  </Languages>
</ImportExportXml>